{"1":{"A":null,"B":30.9772936568,"C":null,"D":30.9971661533,"E":null,"F":35.1649928176,"G":null,"H":32.1137395002},"2":{"A":null,"B":null,"C":31.4755511554,"D":35.2076604413,"E":null,"F":null,"G":35.0615300196,"H":37.0734441392},"3":{"A":35.3011577259,"B":36.0371919241,"C":null,"D":null,"E":36.8132589456,"F":35.1048141288,"G":39.4697881454,"H":34.0662133157},"4":{"A":31.681547952,"B":35.2308676443,"C":null,"D":28.3388943225,"E":null,"F":null,"G":36.2149881018,"H":null},"5":{"A":36.1627930368,"B":35.5203523529,"C":35.3251432006,"D":null,"E":38.2194966446,"F":38.1768987161,"G":35.3962855144,"H":39.0361976398},"6":{"A":35.636504369,"B":31.8881854417,"C":null,"D":36.2210537222,"E":28.0324330811,"F":36.1422421238,"G":35.612720988,"H":31.2265810227},"7":{"A":35.0707946348,"B":36.3784327518,"C":null,"D":null,"E":37.2209269092,"F":null,"G":36.1593707791,"H":null},"8":{"A":35.1241789146,"B":27.8664820186,"C":34.0651845285,"D":38.796033162,"E":34.4762166085,"F":35.6003160164,"G":null,"H":34.6993472097},"9":{"A":35.2661782024,"B":35.6217544683,"C":35.2751346172,"D":35.9207844739,"E":28.0772720236,"F":38.79315245,"G":null,"H":null},"10":{"A":35.603080248,"B":36.1203957508,"C":34.2882986438,"D":35.1163713544,"E":null,"F":36.0231003747,"G":28.3577442038,"H":35.3529402098},"11":{"A":null,"B":36.0356109999,"C":null,"D":34.9159023711,"E":null,"F":null,"G":null,"H":null},"12":{"A":null,"B":null,"C":null,"D":null,"E":null,"F":43.1394078301,"G":null,"H":null}}